{
    "Leverage1": {
        "PnL": 10556.077129621139,
        "PnL Distribution": [
            493.3021909968047,
            658.5810565588399,
            470.635145494638,
            279.5977685928701,
            1402.9826964884196,
            913.5274673896529,
            571.0025806358972,
            358.57174419019793,
            378.4160687776275,
            322.06217936425674,
            125.05376814208103,
            118.58267112794056,
            1009.8995491024398,
            95.31269891471675,
            134.99028487533542,
            227.9115145088963,
            631.6589301150852,
            1586.3295163929051,
            777.659297952534
        ],
        "Interest Costs": 0.0,
        "Transaction Costs": 360,
        "% Returns per Period": 5.555830068221652,
        "% Returns per Annum": 11.111660136443303
    },
    "Leverage1.5": {
        "PnL": 15854.093623223933,
        "PnL Distribution": [
            740.8567519984917,
            989.7388065855794,
            707.3680712370497,
            421.35366837547554,
            2101.0916212600787,
            1375.1533214072479,
            856.8941131788506,
            539.3018235131058,
            567.0501056100129,
            484.0167785468857,
            190.05016054857697,
            173.82382392542786,
            1515.6550034572865,
            144.45330543361342,
            200.96427118639622,
            343.83204483578265,
            947.3415975056851,
            2383.2637747750196,
            1171.8845798433667
        ],
        "Interest Costs": 160.02494533639006,
        "Transaction Costs": 360,
        "% Returns per Period": 8.344259801696808,
        "% Returns per Annum": 16.688519603393615
    },
    "Leverage2": {
        "PnL": 21152.110052206204,
        "PnL Distribution": [
            988.410996758108,
            1320.8966106351218,
            944.1008358168074,
            563.1098592045619,
            2799.2002216965066,
            1836.7792510483105,
            1142.7857518694327,
            720.0318376903087,
            755.6842946112029,
            645.9711910465649,
            255.046463298655,
            229.06506209832514,
            2021.410588015422,
            193.59389945695693,
            266.9384809579169,
            459.75247653942824,
            1263.0239600092445,
            3180.1982914023556,
            1566.1099800509783
        ],
        "Interest Costs": 320.04991067848925,
        "Transaction Costs": 360,
        "% Returns per Period": 11.13268950116116,
        "% Returns per Annum": 22.26537900232232
    },
    "Leverage3": {
        "PnL": 31748.143420393673,
        "PnL Distribution": [
            1483.5200536317625,
            1983.2119408611998,
            1417.5663434877715,
            846.621919905705,
            4195.417839138723,
            2760.0308472566176,
            1714.5689653877562,
            1081.4919921369,
            1132.9523625399015,
            969.8803550656321,
            385.03929578234056,
            339.5474502911111,
            3032.92193649593,
            291.8751182556189,
            398.88661479433904,
            691.5934361611435,
            1894.3893673621296,
            4774.067228306947,
            2354.560353532155
        ],
        "Interest Costs": 640.099905355882,
        "Transaction Costs": 360,
        "% Returns per Period": 16.70954916862825,
        "% Returns per Annum": 33.4190983372565
    },
    "Leverage4": {
        "PnL": 42344.1762719508,
        "PnL Distribution": [
            1978.6288556592808,
            2645.5274869450204,
            1891.03202905561,
            1130.134010059186,
            5591.635357173987,
            3683.2826237865047,
            2286.352132129332,
            1442.9520828354525,
            1510.2205842722014,
            1293.7893634406792,
            515.0319884975415,
            450.02984054166154,
            4044.4329699146256,
            390.1563179575169,
            530.8348095385663,
            923.4343951806441,
            2525.754393901452,
            6367.936000224421,
            3143.011030837113
        ],
        "Interest Costs": 960.1498870623263,
        "Transaction Costs": 360,
        "% Returns per Period": 22.286408564184633,
        "% Returns per Annum": 44.572817128369266
    }
}