Leverage,PnL,Interest Costs,Transaction Costs,% Returns per Period,% Returns per Annum
1,10556.077129621139,0.0,360,5.555830068221652,11.111660136443303
1.5,15854.093623223933,160.02494533639006,360,8.344259801696808,16.688519603393615
2,21152.110052206204,320.04991067848925,360,11.13268950116116,22.26537900232232
3,31748.143420393673,640.099905355882,360,16.70954916862825,33.4190983372565
4,42344.1762719508,960.1498870623263,360,22.286408564184633,44.572817128369266
