Leverage,PnL,Interest Costs,Transaction Costs,% Returns per Period,% Returns per Annum
1,7292.61144979221,0.0,322,3.838216552522215,7.67643310504443
1.5,11333.586103469033,482.8721443598147,327,5.96504531761528,11.93009063523056
2,14025.85463878853,916.5054180125522,322,7.382028757257121,14.764057514514242
3,10739.411486194349,1961.6381740760162,334,5.652321834839131,11.304643669678262
4,21028.310686642682,2762.5246414723633,335,11.067531940338252,22.135063880676505
