Leverage,PnL,Interest Costs,Transaction Costs,% Returns per Period,% Returns per Annum
1,7237.32311439317,587.1749294518428,327,3.809117428627984,7.618234857255968
1.5,10263.422345750065,836.4965069795652,322,5.401801234605297,10.803602469210594
2,13791.898559324882,1115.3287525542419,322,7.258893978592043,14.517787957184087
3,12905.403061783461,1680.3158209833257,323,6.792317400938663,13.584634801877327
4,21976.203030722107,2273.5708393536943,323,11.566422647748476,23.132845295496953
