{
    "Leverage1": {
        "PnL": 7292.61144979221,
        "PnL Distribution": [
            438.9639902635681,
            -406.7086549931664,
            34.34788442612262,
            56.51673395495891,
            2092.1477870577455,
            381.3143070159822,
            946.0621659977096,
            213.35415288389413,
            892.4406443178996,
            87.8121239480788,
            258.03531867071433,
            227.63714030153096,
            534.654369243879,
            538.9066543910885,
            267.66957280489623,
            65.38623253894184,
            -414.8396775695637,
            453.0762950792141,
            625.8344094587155
        ],
        "Interest Costs": 0.0,
        "Transaction Costs": 322,
        "% Returns per Period": 3.838216552522215,
        "% Returns per Annum": 7.67643310504443
    },
    "Leverage1.5": {
        "PnL": 10557.612384173093,
        "PnL Distribution": [
            651.8204780074593,
            -720.1008533052936,
            25.840228892593586,
            72.26529987992035,
            3106.150218564695,
            547.7331518759656,
            1393.6589473034564,
            305.36009679402196,
            1319.5339150558757,
            121.6640455902052,
            372.8510110237821,
            335.8513975859478,
            787.8901337307889,
            779.9032595658609,
            387.8339313950619,
            92.0412990517907,
            -646.8961799470799,
            682.5514855859983,
            941.6605175220429
        ],
        "Interest Costs": 458.5161145460115,
        "Transaction Costs": 322,
        "% Returns per Period": 5.556638096933207,
        "% Returns per Annum": 11.113276193866414
    },
    "Leverage2": {
        "PnL": 14025.85463878853,
        "PnL Distribution": [
            864.676784855319,
            -890.4074552360162,
            17.332654693680524,
            88.01408890226594,
            4120.152413895898,
            714.1522630113668,
            1841.2561729702156,
            397.3659415052862,
            1746.6277889178764,
            155.51569935634325,
            487.6667216026108,
            444.06581627404194,
            1101.2805242960985,
            1020.8999542777601,
            507.9982847080646,
            118.69626442107801,
            -878.952712856355,
            912.026721268503,
            1257.4867119244936
        ],
        "Interest Costs": 916.5054180125522,
        "Transaction Costs": 322,
        "% Returns per Period": 7.382028757257121,
        "% Returns per Annum": 14.764057514514242
    },
    "Leverage3": {
        "PnL": 10739.411486194349,
        "PnL Distribution": [
            1290.3896318832958,
            -1238.4064652772413,
            -262.7737620080625,
            119.51157454488384,
            -1796.02470861222,
            933.4273113535291,
            2736.4504383756957,
            581.3778302178707,
            2600.8142543219874,
            223.2196191890489,
            717.2982037793063,
            660.4945374178587,
            1638.2909616819434,
            1502.8931589611184,
            748.3270079125032,
            172.00631704680927,
            -1455.1479223604783,
            1370.976978116587,
            196.28651964991332
        ],
        "Interest Costs": 1961.6381740760162,
        "Transaction Costs": 334,
        "% Returns per Period": 5.652321834839131,
        "% Returns per Annum": 11.304643669678262
    },
    "Leverage4": {
        "PnL": 21028.310686642682,
        "PnL Distribution": [
            1716.1024228585175,
            -1844.4028841649333,
            138.74082393124445,
            164.11711443025524,
            2236.3509952167205,
            1229.4154485741528,
            3631.644429201182,
            765.3896119501151,
            3455.0013824599882,
            290.923185740332,
            946.9295943442812,
            876.9232078433888,
            2002.1430554509625,
            1984.8864394368466,
            988.6557127301039,
            225.3163437769581,
            -2130.5447177587494,
            1829.9274018663782,
            2520.7911187549344
        ],
        "Interest Costs": 2762.5246414723633,
        "Transaction Costs": 335,
        "% Returns per Period": 11.067531940338252,
        "% Returns per Annum": 22.135063880676505
    }
}