Leverage,PnL,Interest Costs,Transaction Costs,% Returns per Period,% Returns per Annum
1,6793.870850285766,0.0,321,3.5757215001504035,7.151443000300807
1.5,9776.424378511754,491.09323710430067,321,5.145486515006187,10.290973030012374
2,14025.85463878853,916.5054180125522,322,7.382028757257121,14.764057514514242
3,12432.263786648919,1832.5204284805627,333,6.54329672981522,13.08659345963044
4,22740.423868911043,2896.6817703933093,340,11.968644141532128,23.937288283064255
