{
    "Leverage1": {
        "PnL": 6372.098977468553,
        "PnL Distribution": [
            415.7125719296764,
            -476.6846451869096,
            -37.015144313327255,
            13.497502561393048,
            2004.0036690579036,
            310.83768363974013,
            870.1938201563098,
            168.01175639104258,
            834.1862815738405,
            54.703685494727324,
            215.63124210118804,
            204.42860616427242,
            484.47160137471656,
            465.99308875675524,
            226.32854555165977,
            40.30989881362984,
            -477.1131233817687,
            442.95005028403284,
            611.6518864996706
        ],
        "Interest Costs": 920.5124723236565,
        "Transaction Costs": 322,
        "% Returns per Period": 3.3537363039308175,
        "% Returns per Annum": 6.707472607861635
    },
    "Leverage1.5": {
        "PnL": 10367.841814749403,
        "PnL Distribution": [
            628.5690518031788,
            -786.596420763166,
            -45.522824182362456,
            29.2460648876513,
            3018.0060761545246,
            477.25650597129425,
            1317.790586633757,
            260.0176919453261,
            1261.2795472029065,
            88.55559796542911,
            330.44692089105956,
            312.6428631056515,
            737.7073645899382,
            706.989680401055,
            346.49289434422826,
            66.96496291416042,
            -709.1696388765704,
            1399.6868984917182,
            927.4779912696231
        ],
        "Interest Costs": 1448.616433079444,
        "Transaction Costs": 327,
        "% Returns per Period": 5.456758849868107,
        "% Returns per Annum": 10.913517699736214
    },
    "Leverage2": {
        "PnL": 13109.349220775981,
        "PnL Distribution": [
            841.4253638843256,
            -957.2986609973905,
            -54.03039495223493,
            44.99484769290939,
            4032.008266732051,
            643.6756222211461,
            1765.3878092215018,
            352.02353781738384,
            1688.3734030541054,
            122.4072507554065,
            445.2626309434163,
            420.85727597759796,
            1052.0202415764052,
            947.9863644631605,
            466.6572506880584,
            93.61992357122472,
            -941.2261693762157,
            901.9004735253857,
            1243.3041839777434
        ],
        "Interest Costs": 1833.0108360251045,
        "Transaction Costs": 322,
        "% Returns per Period": 6.899657484618937,
        "% Returns per Annum": 13.799314969237875
    },
    "Leverage3": {
        "PnL": 11516.003572408641,
        "PnL Distribution": [
            1267.1382043574995,
            -1306.9701076261044,
            -332.09061123712127,
            76.49233181539239,
            -1888.197838966692,
            863.9640482669311,
            2660.582063760785,
            536.0354205585263,
            2542.5598719695063,
            190.11116560292976,
            674.8941059214358,
            637.2859934110566,
            1589.0306735013146,
            1429.9795640435113,
            706.9859658505611,
            146.92997696263956,
            -1514.534277102386,
            1360.8507294592982,
            1874.9562918595566
        ],
        "Interest Costs": 2748.780642720844,
        "Transaction Costs": 333,
        "% Returns per Period": 6.061054511794022,
        "% Returns per Annum": 12.122109023588044
    },
    "Leverage4": {
        "PnL": 20107.469139485223,
        "PnL Distribution": [
            1692.850996312147,
            -1910.1474666294953,
            68.10287548513224,
            123.99325376703928,
            2130.498176515355,
            1159.952184249627,
            3555.7760528259914,
            720.0472019848676,
            3396.7469934497585,
            257.81473086361257,
            904.5254947636604,
            853.7146632243803,
            1958.8824612347162,
            1911.9728397499239,
            947.3146709869543,
            200.2400017202326,
            -2191.225733056949,
            1819.8011527006474,
            2506.6085893376257
        ],
        "Interest Costs": 3683.3661886298178,
        "Transaction Costs": 335,
        "% Returns per Period": 10.582878494465906,
        "% Returns per Annum": 21.16575698893181
    }
}