Leverage,PnL,Interest Costs,Transaction Costs,% Returns per Period,% Returns per Annum
1,6372.098977468553,920.5124723236565,322,3.3537363039308175,6.707472607861635
1.5,10367.841814749403,1448.616433079444,327,5.456758849868107,10.913517699736214
2,13109.349220775981,1833.0108360251045,322,6.899657484618937,13.799314969237875
3,11516.003572408641,2748.780642720844,333,6.061054511794022,12.122109023588044
4,20107.469139485223,3683.3661886298178,335,10.582878494465906,21.16575698893181
