{
    "Leverage1": {
        "PnL": 12554.182566083258,
        "PnL Distribution": [
            513.994611163871,
            698.3544602553848,
            448.03213921793576,
            268.1107734812467,
            1628.4059363594752,
            1138.9641686883879,
            809.7079863209983,
            491.9281048988232,
            782.8736203767148,
            330.01756441967154,
            137.51122697660685,
            131.00854097390402,
            1237.2462875054553,
            216.53743740566097,
            284.0360467835344,
            225.9970828322439,
            564.6650677165344,
            1537.6864581600912,
            1109.105052546718
        ],
        "Interest Costs": 0.0,
        "Transaction Costs": 422,
        "% Returns per Period": 6.607464508464873,
        "% Returns per Annum": 13.214929016929746
    },
    "Leverage1.5": {
        "PnL": 18972.439708000973,
        "PnL Distribution": [
            771.8940595531458,
            1050.3964755680245,
            673.4991563309977,
            404.62539652144005,
            2439.1768220262275,
            1712.7827133884439,
            1216.3962880691943,
            739.3001665256397,
            1173.6307627785282,
            497.4547057263626,
            208.22912111311234,
            195.46980536152478,
            1856.6419913207865,
            437.78854016449986,
            423.4637583272288,
            341.45904235763373,
            849.8842017448023,
            2312.8750513395244,
            1667.4716497838544
        ],
        "Interest Costs": 186.44338459552304,
        "Transaction Costs": 422,
        "% Returns per Period": 9.985494583158406,
        "% Returns per Annum": 19.970989166316812
    },
    "Leverage2": {
        "PnL": 25160.386156723507,
        "PnL Distribution": [
            1029.7931914820783,
            1402.4386070654164,
            898.9659273249181,
            541.1403193297174,
            3249.9475372640154,
            2286.6012858723134,
            1623.0848511580389,
            986.6722268668254,
            1564.3886613208288,
            664.8916726426196,
            278.94691838155813,
            259.93115450797995,
            2476.0378249072346,
            428.8833080099266,
            562.8914644794859,
            456.92097458662283,
            1135.1029922592043,
            3087.9090489209957,
            2225.838190343724
        ],
        "Interest Costs": 368.81798533899035,
        "Transaction Costs": 422,
        "% Returns per Period": 13.242308503538688,
        "% Returns per Annum": 26.484617007077375
    },
    "Leverage3": {
        "PnL": 37995.26624762698,
        "PnL Distribution": [
            1545.5919027657,
            2106.5224477589927,
            1349.8995479069636,
            814.169824342649,
            4871.489146085702,
            3434.238287176422,
            2436.461845766322,
            1481.4163882135636,
            2345.9031961639466,
            999.7659211154623,
            420.3826790463154,
            388.85378362624397,
            3714.829384962826,
            868.3302507920052,
            841.7470225852976,
            687.8448338354756,
            1705.541168254982,
            4638.440956675226,
            3343.837660552892
        ],
        "Interest Costs": 747.7842831471125,
        "Transaction Costs": 422,
        "% Returns per Period": 19.997508551382623,
        "% Returns per Annum": 39.995017102765246
    },
    "Leverage4": {
        "PnL": 50488.67547331776,
        "PnL Distribution": [
            2061.390478913574,
            2810.6065883734773,
            1614.4690743471328,
            1087.1993696402496,
            6493.030737803405,
            4581.875396451691,
            3249.838707606252,
            1976.1605065670428,
            3127.41823084357,
            1334.640026442432,
            561.8183671989973,
            517.7763955128376,
            4953.6209160059825,
            1155.358101902826,
            1120.602437513051,
            918.7687231835807,
            2275.979089522014,
            6188.818115752438,
            4459.3042097372
        ],
        "Interest Costs": 1115.6163798794687,
        "Transaction Costs": 422,
        "% Returns per Period": 26.572987091219876,
        "% Returns per Annum": 53.14597418243975
    }
}