Leverage,PnL,Interest Costs,Transaction Costs,% Returns per Period,% Returns per Annum
1,10069.284274620435,325.3236068137182,373,5.299623302431808,10.599246604863616
1.5,15517.212681580877,492.5353981520193,375,8.166954042937304,16.333908085874608
2,21952.14002545285,662.7046423853753,381,11.553757908133077,23.107515816266154
3,31443.361701169924,994.1624286945151,375,16.549137737457855,33.09827547491571
4,42001.18001245715,1317.438845500261,377,22.10588421708271,44.21176843416542
