Leverage,PnL,Interest Costs,Transaction Costs,% Returns per Period,% Returns per Annum
1,12554.182566083258,0.0,422,6.607464508464873,13.214929016929746
1.5,18972.439708000973,186.44338459552304,422,9.985494583158406,19.970989166316812
2,25160.386156723507,368.81798533899035,422,13.242308503538688,26.484617007077375
3,37995.26624762698,747.7842831471125,422,19.997508551382623,39.995017102765246
4,50488.67547331776,1115.6163798794687,422,26.572987091219876,53.14597418243975
