Leverage,PnL
1,10810.655841493248
1.5,15809.393992295032
2,21204.19422506751
3,31993.794291141254
4,42521.97210787973
