Leverage,PnL,Interest Costs,Transaction Costs,% Returns per Period,% Returns per Annum
1,12633.012106165763,0.0,422,6.648953740087244,13.297907480174487
1.5,18972.439708000973,186.44338459552304,422,9.985494583158406,19.970989166316812
2,25314.139344998424,373.8921062071961,422,13.323231234209699,26.646462468419397
3,37767.173564514655,737.6360434368254,422,19.877459770797188,39.754919541594376
4,50899.5904642121,1112.8189729965898,422,26.789258139059,53.578516278118
