{
    "Leverage1": {
        "PnL": 12462.877289940152,
        "PnL Distribution": [
            343.85979493826017,
            698.3544602553848,
            448.03213921793576,
            268.1107734812467,
            1628.4059363594752,
            1138.9641686883879,
            809.7079863209983,
            491.9281048988232,
            782.8736203767148,
            330.01756441967154,
            137.51122697660685,
            131.00854097390402,
            1237.2462875054553,
            294.2745829628566,
            284.0360467835344,
            225.9970828322439,
            564.6650677165344,
            1537.6864581600912,
            1110.197447072027
        ],
        "Interest Costs": 0.0,
        "Transaction Costs": 418,
        "% Returns per Period": 6.559409099968501,
        "% Returns per Annum": 13.118818199937001
    },
    "Leverage1.5": {
        "PnL": 18717.27337757415,
        "PnL Distribution": [
            516.7277291263254,
            1050.3964755680245,
            673.4991563309977,
            404.62539652144005,
            2439.1768220262275,
            1712.7827133884439,
            1216.3962880691943,
            739.3001665256397,
            1173.6307627785282,
            497.4547057263626,
            208.22912111311234,
            195.46980536152478,
            1856.6419913207865,
            437.78854016449986,
            423.4637583272288,
            341.45904235763373,
            849.8842017448023,
            2312.8750513395244,
            1667.4716497838544
        ],
        "Interest Costs": 184.4073584879544,
        "Transaction Costs": 418,
        "% Returns per Period": 9.851196514512711,
        "% Returns per Annum": 19.702393029025423
    },
    "Leverage2": {
        "PnL": 24972.762235251357,
        "PnL Distribution": [
            689.5955695768589,
            1402.4386070654164,
            898.9659273249181,
            541.1403193297174,
            3249.9475372640154,
            2286.6012858723134,
            1623.0848511580389,
            986.6722268668254,
            1564.3886613208288,
            664.8916726426196,
            278.94691838155813,
            259.93115450797995,
            2476.0378249072346,
            581.3024356637325,
            562.8914644794859,
            456.92097458662283,
            1135.1029922592043,
            3088.063621700263,
            2225.838190343724
        ],
        "Interest Costs": 368.8147532038421,
        "Transaction Costs": 418,
        "% Returns per Period": 13.143559071184924,
        "% Returns per Annum": 26.28711814236985
    },
    "Leverage3": {
        "PnL": 38017.52675768248,
        "PnL Distribution": [
            1035.3312941271943,
            2106.5224477589927,
            1349.8995479069636,
            814.169824342649,
            4871.489146085702,
            3434.238287176422,
            2436.461845766322,
            1481.4163882135636,
            2345.9031961639466,
            999.7659211154623,
            420.3826790463154,
            388.85378362624397,
            3714.829384962826,
            868.3302507920052,
            841.7470225852976,
            687.8448338354756,
            1705.541168254982,
            5172.228655757874,
            3342.5710801642417
        ],
        "Interest Costs": 739.8644479201141,
        "Transaction Costs": 418,
        "% Returns per Period": 20.009224609306568,
        "% Returns per Annum": 40.018449218613135
    },
    "Leverage4": {
        "PnL": 49808.35205987638,
        "PnL Distribution": [
            1381.067065472198,
            2810.6065883734773,
            1614.4690743471328,
            1087.1993696402496,
            6493.030737803405,
            4581.875396451691,
            3249.838707606252,
            1976.1605065670428,
            3127.41823084357,
            1334.640026442432,
            561.8183671989973,
            517.7763955128376,
            4953.6209160059825,
            1155.358101902826,
            1120.602437513051,
            918.7687231835807,
            2275.979089522014,
            6188.818115752438,
            4459.3042097372
        ],
        "Interest Costs": 1103.4002238882083,
        "Transaction Costs": 418,
        "% Returns per Period": 26.21492213677704,
        "% Returns per Annum": 52.42984427355408
    }
}