Leverage,PnL,Interest Costs,Transaction Costs,% Returns per Period,% Returns per Annum
1,12462.877289940152,0.0,418,6.559409099968501,13.118818199937001
1.5,18717.27337757415,184.4073584879544,418,9.851196514512711,19.702393029025423
2,24972.762235251357,368.8147532038421,418,13.143559071184924,26.28711814236985
3,38017.52675768248,739.8644479201141,418,20.009224609306568,40.018449218613135
4,49808.35205987638,1103.4002238882083,418,26.21492213677704,52.42984427355408
