Leverage,PnL,Interest Costs,Transaction Costs,% Returns per Period,% Returns per Annum
1,12633.012106165763,0.0,422,6.648953740087244,13.297907480174487
1.5,18972.439708000973,186.44338459552304,422,9.985494583158406,19.970989166316812
2,25314.139344998424,373.8921062071961,422,13.323231234209699,26.646462468419397
3,37768.16519879943,741.6738688255567,422,19.877981683578646,39.75596336715729
4,50780.31651156056,1124.869100584873,422,26.726482374505554,53.45296474901111
