Leverage,PnL,Interest Costs,Transaction Costs,% Returns per Period,% Returns per Annum
1,10400.92758101743,199.53673226947575,377,5.474172411061805,10.94834482212361
1.5,16428.569820747285,302.1092398285013,377,8.64661569513015,17.2932313902603
2,22005.419443918443,399.14051294382335,377,11.581799707325496,23.163599414650992
3,34044.45311786956,606.0920485448297,381,17.91813321993135,35.8362664398627
4,44717.415656042904,803.1978979377568,377,23.53548192423311,47.07096384846622
