{
    "Leverage1": {
        "PnL": 10069.284274620435,
        "PnL Distribution": [
            183.8411986093215,
            57.84105515115698,
            467.4771094133903,
            314.81185771852506,
            1470.1544648530344,
            693.8556785546352,
            765.025666250649,
            474.74391329852915,
            757.514427947297,
            317.873956287287,
            129.61325768823554,
            118.92258045741801,
            1214.7907523094,
            200.34581714285014,
            252.70638466151468,
            216.92370406389273,
            477.4851211127516,
            872.6250957032953,
            1082.7322333972515
        ],
        "Interest Costs": 325.3236068137182,
        "Transaction Costs": 373,
        "% Returns per Period": 5.299623302431808,
        "% Returns per Annum": 10.599246604863616
    },
    "Leverage1.5": {
        "PnL": 15517.212681580877,
        "PnL Distribution": [
            277.7618857645775,
            89.76159379667297,
            712.2158803477832,
            478.7178746044465,
            2217.232507702216,
            1056.783814507202,
            1161.5383865073454,
            722.1159713379602,
            1148.271570758463,
            485.31109400103196,
            202.41998876051912,
            183.38384570480775,
            1834.186451085674,
            306.5187603947961,
            400.28306060744944,
            332.3856615829536,
            730.2278753169903,
            1536.9976348623131,
            1641.0988239376748
        ],
        "Interest Costs": 492.5353981520193,
        "Transaction Costs": 375,
        "% Returns per Period": 8.166954042937304,
        "% Returns per Annum": 16.333908085874608
    },
    "Leverage2": {
        "PnL": 21952.14002545285,
        "PnL Distribution": [
            371.68257291982627,
            121.68214222491042,
            956.9546591082726,
            642.6239053918762,
            2964.3099219224605,
            1419.711862589902,
            1558.051445449115,
            969.4880310428434,
            1539.029460276406,
            652.7480615079439,
            275.22661506967233,
            247.84519214175634,
            2453.582282205529,
            412.69168712452483,
            539.71076475667,
            447.8475928123007,
            1112.8757270050064,
            3066.612741300236,
            2199.465360603599
        ],
        "Interest Costs": 662.7046423853753,
        "Transaction Costs": 381,
        "% Returns per Period": 11.553757908133077,
        "% Returns per Annum": 23.107515816266154
    },
    "Leverage3": {
        "PnL": 31443.361701169924,
        "PnL Distribution": [
            559.5240147744553,
            185.52326880918008,
            1446.432018950074,
            970.4359359120699,
            4458.465426536697,
            2145.567980840786,
            2351.0773305465136,
            1464.2321906025136,
            2320.5439959065698,
            987.622307403768,
            420.84003819280406,
            376.76782021930376,
            3692.373839343505,
            625.0375795882355,
            818.5663191388467,
            678.7714514539803,
            1522.3858882848908,
            3102.9960453658223,
            3316.198249299916
        ],
        "Interest Costs": 994.1624286945151,
        "Transaction Costs": 375,
        "% Returns per Period": 16.549137737457855,
        "% Returns per Annum": 33.09827547491571
    },
    "Leverage4": {
        "PnL": 42001.18001245715,
        "PnL Distribution": [
            747.3653890849582,
            249.36435588292807,
            1935.909568644969,
            1298.2479835854137,
            5952.620883606116,
            2871.4241648760562,
            3144.1031097449795,
            1958.9763083468406,
            3102.0590282356807,
            1322.4964126244195,
            566.4533955742463,
            505.6904319036421,
            4931.16536923965,
            837.3834495699157,
            1097.4217343850796,
            909.6953402023846,
            1993.9410188152888,
            4143.930691628313,
            4432.93137650626
        ],
        "Interest Costs": 1317.438845500261,
        "Transaction Costs": 377,
        "% Returns per Period": 22.10588421708271,
        "% Returns per Annum": 44.21176843416542
    }
}