{
    "Leverage1": {
        "PnL": -1850.8520317397997,
        "PnL Distribution": [
            115.76446059195223,
            -14.987186920412569,
            -43.274911572938436,
            -173.29717540332786,
            717.7393207439018,
            -1093.2678575593272,
            -233.6482251800262,
            -52.084307875957165,
            -93.35565872594088,
            -8.227459021802133,
            10.957683102920782,
            -59.37638591959694,
            109.31761543557514,
            105.7950937849746,
            -103.64767751437648,
            -97.83623548860851,
            -528.9465934246455,
            -31.67607961710928,
            -376.80045117505506
        ],
        "Interest Costs": 0.0,
        "Transaction Costs": 257,
        "% Returns per Period": -0.974132648284105,
        "% Returns per Annum": -1.94826529656821
    },
    "Leverage1.5": {
        "PnL": -4812.313344892615,
        "PnL Distribution": [
            100.0588969494438,
            -1791.1491510995183,
            -277.13985776830486,
            -476.8699855005216,
            1089.269909892204,
            -1589.4079947210103,
            -153.42032178768568,
            -329.2796517306997,
            -59.255189248700844,
            -137.1094186506616,
            -47.25740885346568,
            -164.96881544561802,
            10.143397194009594,
            53.617832076248305,
            47.670468906368114,
            -65.53850297742065,
            -1009.5748019234743,
            -343.07285339587906,
            330.9701031920722
        ],
        "Interest Costs": 287.77874017268994,
        "Transaction Costs": 308,
        "% Returns per Period": -2.5327964973119026,
        "% Returns per Annum": -5.065592994623805
    },
    "Leverage2": {
        "PnL": -3548.9760458129094,
        "PnL Distribution": [
            79.47959705229187,
            -997.0010622813388,
            192.00034575485188,
            -334.6982584098878,
            451.7009911374498,
            -1284.866583377956,
            60.097573305347396,
            235.75933542170787,
            169.2568528982356,
            65.59905444280776,
            356.8738350761578,
            -382.1826518623293,
            309.169446899974,
            23.457614905009905,
            -11.681914093602245,
            -67.19028833241464,
            -1965.9194468636924,
            -71.93314754566018,
            -376.8973399398619
        ],
        "Interest Costs": 564.1363708712186,
        "Transaction Costs": 277,
        "% Returns per Period": -1.8678821293752152,
        "% Returns per Annum": -3.7357642587504305
    },
    "Leverage3": {
        "PnL": -5452.728023511235,
        "PnL Distribution": [
            201.39714826639283,
            -2086.641899397503,
            -234.9194775185515,
            -1146.1171368385749,
            1629.5176430796491,
            -2804.5855764016305,
            -24.281526005966953,
            269.4396349857943,
            138.58178052644143,
            69.80968290673991,
            -15.14625641442035,
            371.75066723732016,
            -270.7440520398486,
            551.778722954723,
            -372.67727345549065,
            -182.21462959423297,
            -1147.3294375546902,
            -348.51865325510516,
            -51.82738499228071
        ],
        "Interest Costs": 1200.9058961835794,
        "Transaction Costs": 267,
        "% Returns per Period": -2.8698568544795973,
        "% Returns per Annum": -5.7397137089591945
    },
    "Leverage4": {
        "PnL": -6177.886098179761,
        "PnL Distribution": [
            -466.5228774416064,
            -474.96034814596715,
            -913.3733381375077,
            -137.83766525788815,
            -712.2871773220722,
            -3223.93578268914,
            309.8604322140709,
            -130.35850841176944,
            -879.3631089970131,
            -0.05554117512474477,
            -127.65897406201657,
            -1070.05258278178,
            1409.806792329242,
            303.2126312949913,
            -333.2615394427776,
            328.7331932750003,
            -1994.0270653435246,
            1175.899506163585,
            758.2958557515376
        ],
        "Interest Costs": 1853.1981788844455,
        "Transaction Costs": 292,
        "% Returns per Period": -3.2515189990419793,
        "% Returns per Annum": -6.5030379980839585
    }
}