Standard Deviation,JSON File,PnL
1837.1694128096792,logreg_pnl_v_leverage.json,
1456.6254427666172,gbt_pnl_v_leverage.json,
,,49808.35205987638
,,21028.310686642682
