,Model,PnL,Standard Deviation,market_returns,excess_returns,mean_returns,sharpe_ratio
0,logreg_lev4,50899.5904642121,1911.229797788802,-4204.564145806054,55104.15461001816,2900.218663685166,1.517462037814906
1,gbt_lev4,22740.423868911043,1548.6285793609954,-4204.564145806054,26944.988014717095,1418.1572639324786,0.9157504148074339
